,timestamp,time,KRW,volumeto
0,2018-01-11 08:00:00,1515625200,0.0,0.0
1,2018-01-11 09:00:00,1515628800,0.0,0.0
2,2018-01-11 10:00:00,1515632400,0.0,0.0
3,2018-01-11 11:00:00,1515636000,0.0,0.0
4,2018-01-11 12:00:00,1515639600,0.0,0.0
5,2018-01-11 13:00:00,1515643200,0.0,0.0
6,2018-01-11 14:00:00,1515646800,0.0,0.0
7,2018-01-11 15:00:00,1515650400,0.0,0.0
8,2018-01-11 16:00:00,1515654000,0.0,0.0
9,2018-01-11 17:00:00,1515657600,0.0,0.0
10,2018-01-11 18:00:00,1515661200,0.0,0.0
11,2018-01-11 19:00:00,1515664800,0.0,0.0
12,2018-01-11 20:00:00,1515668400,0.0,0.0
13,2018-01-11 21:00:00,1515672000,0.0,0.0
14,2018-01-11 22:00:00,1515675600,0.0,0.0
15,2018-01-11 23:00:00,1515679200,0.0,0.0
16,2018-01-12 00:00:00,1515682800,0.0,0.0
17,2018-01-12 01:00:00,1515686400,0.0,0.0
18,2018-01-12 02:00:00,1515690000,0.0,0.0
19,2018-01-12 03:00:00,1515693600,0.0,0.0
20,2018-01-12 04:00:00,1515697200,0.0,0.0
21,2018-01-12 05:00:00,1515700800,0.0,0.0
22,2018-01-12 06:00:00,1515704400,0.0,0.0
23,2018-01-12 07:00:00,1515708000,0.0,0.0
24,2018-01-12 08:00:00,1515711600,0.0,0.0
25,2018-01-12 09:00:00,1515715200,0.0,0.0
26,2018-01-12 10:00:00,1515718800,0.0,0.0
27,2018-01-12 11:00:00,1515722400,0.0,0.0
28,2018-01-12 12:00:00,1515726000,0.0,0.0
29,2018-01-12 13:00:00,1515729600,0.0,0.0
30,2018-01-12 14:00:00,1515733200,0.0,0.0
31,2018-01-12 15:00:00,1515736800,0.0,0.0
32,2018-01-12 16:00:00,1515740400,0.0,0.0
33,2018-01-12 17:00:00,1515744000,0.0,0.0
34,2018-01-12 18:00:00,1515747600,0.0,0.0
35,2018-01-12 19:00:00,1515751200,0.0,0.0
36,2018-01-12 20:00:00,1515754800,0.0,0.0
37,2018-01-12 21:00:00,1515758400,0.0,0.0
38,2018-01-12 22:00:00,1515762000,0.0,0.0
39,2018-01-12 23:00:00,1515765600,0.0,0.0
40,2018-01-13 00:00:00,1515769200,0.0,0.0
41,2018-01-13 01:00:00,1515772800,0.0,0.0
42,2018-01-13 02:00:00,1515776400,0.0,0.0
43,2018-01-13 03:00:00,1515780000,0.0,0.0
44,2018-01-13 04:00:00,1515783600,0.0,0.0
45,2018-01-13 05:00:00,1515787200,0.0,0.0
46,2018-01-13 06:00:00,1515790800,0.0,0.0
47,2018-01-13 07:00:00,1515794400,0.0,0.0
48,2018-01-13 08:00:00,1515798000,0.0,0.0
49,2018-01-13 09:00:00,1515801600,0.0,0.0
50,2018-01-13 10:00:00,1515805200,0.0,0.0
51,2018-01-13 11:00:00,1515808800,0.0,0.0
52,2018-01-13 12:00:00,1515812400,0.0,0.0
53,2018-01-13 13:00:00,1515816000,0.0,0.0
54,2018-01-13 14:00:00,1515819600,0.0,0.0
55,2018-01-13 15:00:00,1515823200,0.0,0.0
56,2018-01-13 16:00:00,1515826800,0.0,0.0
57,2018-01-13 17:00:00,1515830400,0.0,0.0
58,2018-01-13 18:00:00,1515834000,0.0,0.0
59,2018-01-13 19:00:00,1515837600,0.0,0.0
60,2018-01-13 20:00:00,1515841200,0.0,0.0
61,2018-01-13 21:00:00,1515844800,0.0,0.0
62,2018-01-13 22:00:00,1515848400,0.0,0.0
63,2018-01-13 23:00:00,1515852000,0.0,0.0
64,2018-01-14 00:00:00,1515855600,0.0,0.0
65,2018-01-14 01:00:00,1515859200,0.0,0.0
66,2018-01-14 02:00:00,1515862800,0.0,0.0
67,2018-01-14 03:00:00,1515866400,0.0,0.0
68,2018-01-14 04:00:00,1515870000,0.0,0.0
69,2018-01-14 05:00:00,1515873600,0.0,0.0
70,2018-01-14 06:00:00,1515877200,0.0,0.0
71,2018-01-14 07:00:00,1515880800,0.0,0.0
72,2018-01-14 08:00:00,1515884400,0.0,0.0
73,2018-01-14 09:00:00,1515888000,0.0,0.0
74,2018-01-14 10:00:00,1515891600,0.0,0.0
75,2018-01-14 11:00:00,1515895200,0.0,0.0
76,2018-01-14 12:00:00,1515898800,0.0,0.0
77,2018-01-14 13:00:00,1515902400,0.0,0.0
78,2018-01-14 14:00:00,1515906000,0.0,0.0
79,2018-01-14 15:00:00,1515909600,0.0,0.0
80,2018-01-14 16:00:00,1515913200,0.0,0.0
81,2018-01-14 17:00:00,1515916800,0.0,0.0
82,2018-01-14 18:00:00,1515920400,0.0,0.0
83,2018-01-14 19:00:00,1515924000,0.0,0.0
84,2018-01-14 20:00:00,1515927600,0.0,0.0
85,2018-01-14 21:00:00,1515931200,0.0,0.0
86,2018-01-14 22:00:00,1515934800,0.0,0.0
87,2018-01-14 23:00:00,1515938400,0.0,0.0
88,2018-01-15 00:00:00,1515942000,0.0,0.0
89,2018-01-15 01:00:00,1515945600,0.0,0.0
90,2018-01-15 02:00:00,1515949200,0.0,0.0
91,2018-01-15 03:00:00,1515952800,0.0,0.0
92,2018-01-15 04:00:00,1515956400,0.0,0.0
93,2018-01-15 05:00:00,1515960000,0.0,0.0
94,2018-01-15 06:00:00,1515963600,0.0,0.0
95,2018-01-15 07:00:00,1515967200,0.0,0.0
96,2018-01-15 08:00:00,1515970800,0.0,0.0
97,2018-01-15 09:00:00,1515974400,0.0,0.0
98,2018-01-15 10:00:00,1515978000,0.0,0.0
99,2018-01-15 11:00:00,1515981600,0.0,0.0
100,2018-01-15 12:00:00,1515985200,0.0,0.0
101,2018-01-15 13:00:00,1515988800,0.0,0.0
102,2018-01-15 14:00:00,1515992400,0.0,0.0
103,2018-01-15 15:00:00,1515996000,0.0,0.0
104,2018-01-15 16:00:00,1515999600,0.0,0.0
105,2018-01-15 17:00:00,1516003200,0.0,0.0
106,2018-01-15 18:00:00,1516006800,0.0,0.0
107,2018-01-15 19:00:00,1516010400,0.0,0.0
108,2018-01-15 20:00:00,1516014000,0.0,0.0
109,2018-01-15 21:00:00,1516017600,0.0,0.0
110,2018-01-15 22:00:00,1516021200,0.0,0.0
111,2018-01-15 23:00:00,1516024800,0.0,0.0
112,2018-01-16 00:00:00,1516028400,0.0,0.0
113,2018-01-16 01:00:00,1516032000,0.0,0.0
114,2018-01-16 02:00:00,1516035600,0.0,0.0
115,2018-01-16 03:00:00,1516039200,0.0,0.0
116,2018-01-16 04:00:00,1516042800,0.0,0.0
117,2018-01-16 05:00:00,1516046400,0.0,0.0
118,2018-01-16 06:00:00,1516050000,0.0,0.0
119,2018-01-16 07:00:00,1516053600,0.0,0.0
120,2018-01-16 08:00:00,1516057200,0.0,0.0
121,2018-01-16 09:00:00,1516060800,0.0,0.0
122,2018-01-16 10:00:00,1516064400,0.0,0.0
123,2018-01-16 11:00:00,1516068000,0.0,0.0
124,2018-01-16 12:00:00,1516071600,0.0,0.0
125,2018-01-16 13:00:00,1516075200,0.0,0.0
126,2018-01-16 14:00:00,1516078800,0.0,0.0
127,2018-01-16 15:00:00,1516082400,0.0,0.0
128,2018-01-16 16:00:00,1516086000,0.0,0.0
129,2018-01-16 17:00:00,1516089600,0.0,0.0
130,2018-01-16 18:00:00,1516093200,0.0,0.0
131,2018-01-16 19:00:00,1516096800,0.0,0.0
132,2018-01-16 20:00:00,1516100400,0.0,0.0
133,2018-01-16 21:00:00,1516104000,0.0,0.0
134,2018-01-16 22:00:00,1516107600,0.0,0.0
135,2018-01-16 23:00:00,1516111200,0.0,0.0
136,2018-01-17 00:00:00,1516114800,0.0,0.0
137,2018-01-17 01:00:00,1516118400,0.0,0.0
138,2018-01-17 02:00:00,1516122000,0.0,0.0
139,2018-01-17 03:00:00,1516125600,0.0,0.0
140,2018-01-17 04:00:00,1516129200,0.0,0.0
141,2018-01-17 05:00:00,1516132800,0.0,0.0
142,2018-01-17 06:00:00,1516136400,0.0,0.0
143,2018-01-17 07:00:00,1516140000,0.0,0.0
144,2018-01-17 08:00:00,1516143600,0.0,0.0
145,2018-01-17 09:00:00,1516147200,0.0,0.0
146,2018-01-17 10:00:00,1516150800,0.0,0.0
147,2018-01-17 11:00:00,1516154400,0.0,0.0
148,2018-01-17 12:00:00,1516158000,0.0,0.0
149,2018-01-17 13:00:00,1516161600,0.0,0.0
150,2018-01-17 14:00:00,1516165200,0.0,0.0
151,2018-01-17 15:00:00,1516168800,0.0,0.0
152,2018-01-17 16:00:00,1516172400,0.0,0.0
153,2018-01-17 17:00:00,1516176000,0.0,0.0
154,2018-01-17 18:00:00,1516179600,0.0,0.0
155,2018-01-17 19:00:00,1516183200,0.0,0.0
156,2018-01-17 20:00:00,1516186800,0.0,0.0
157,2018-01-17 21:00:00,1516190400,0.0,0.0
158,2018-01-17 22:00:00,1516194000,0.0,0.0
159,2018-01-17 23:00:00,1516197600,0.0,0.0
160,2018-01-18 00:00:00,1516201200,0.0,0.0
161,2018-01-18 01:00:00,1516204800,0.0,0.0
162,2018-01-18 02:00:00,1516208400,0.0,0.0
163,2018-01-18 03:00:00,1516212000,0.0,0.0
164,2018-01-18 04:00:00,1516215600,0.0,0.0
165,2018-01-18 05:00:00,1516219200,0.0,0.0
166,2018-01-18 06:00:00,1516222800,0.0,0.0
167,2018-01-18 07:00:00,1516226400,0.0,0.0
168,2018-01-18 08:00:00,1516230000,0.0,0.0
169,2018-01-18 09:00:00,1516233600,0.0,0.0
170,2018-01-18 10:00:00,1516237200,0.0,0.0
171,2018-01-18 11:00:00,1516240800,0.0,0.0
172,2018-01-18 12:00:00,1516244400,0.0,0.0
173,2018-01-18 13:00:00,1516248000,0.0,0.0
174,2018-01-18 14:00:00,1516251600,0.0,0.0
175,2018-01-18 15:00:00,1516255200,0.0,0.0
176,2018-01-18 16:00:00,1516258800,0.0,0.0
177,2018-01-18 17:00:00,1516262400,0.0,0.0
178,2018-01-18 18:00:00,1516266000,0.0,0.0
179,2018-01-18 19:00:00,1516269600,0.0,0.0
180,2018-01-18 20:00:00,1516273200,0.0,0.0
181,2018-01-18 21:00:00,1516276800,0.0,0.0
182,2018-01-18 22:00:00,1516280400,0.0,0.0
183,2018-01-18 23:00:00,1516284000,0.0,0.0
184,2018-01-19 00:00:00,1516287600,0.0,0.0
185,2018-01-19 01:00:00,1516291200,0.0,0.0
186,2018-01-19 02:00:00,1516294800,0.0,0.0
187,2018-01-19 03:00:00,1516298400,0.0,0.0
188,2018-01-19 04:00:00,1516302000,0.0,0.0
189,2018-01-19 05:00:00,1516305600,0.0,0.0
190,2018-01-19 06:00:00,1516309200,0.0,0.0
191,2018-01-19 07:00:00,1516312800,0.0,0.0
192,2018-01-19 08:00:00,1516316400,0.0,0.0
193,2018-01-19 09:00:00,1516320000,0.0,0.0
194,2018-01-19 10:00:00,1516323600,0.0,0.0
195,2018-01-19 11:00:00,1516327200,0.0,0.0
196,2018-01-19 12:00:00,1516330800,0.0,0.0
197,2018-01-19 13:00:00,1516334400,0.0,0.0
198,2018-01-19 14:00:00,1516338000,0.0,0.0
199,2018-01-19 15:00:00,1516341600,0.0,0.0
200,2018-01-19 16:00:00,1516345200,0.0,0.0
201,2018-01-19 17:00:00,1516348800,0.0,0.0
202,2018-01-19 18:00:00,1516352400,0.0,0.0
203,2018-01-19 19:00:00,1516356000,0.0,0.0
204,2018-01-19 20:00:00,1516359600,0.0,0.0
205,2018-01-19 21:00:00,1516363200,0.0,0.0
206,2018-01-19 22:00:00,1516366800,0.0,0.0
207,2018-01-19 23:00:00,1516370400,0.0,0.0
208,2018-01-20 00:00:00,1516374000,0.0,0.0
209,2018-01-20 01:00:00,1516377600,0.0,0.0
210,2018-01-20 02:00:00,1516381200,0.0,0.0
211,2018-01-20 03:00:00,1516384800,0.0,0.0
212,2018-01-20 04:00:00,1516388400,0.0,0.0
213,2018-01-20 05:00:00,1516392000,0.0,0.0
214,2018-01-20 06:00:00,1516395600,0.0,0.0
215,2018-01-20 07:00:00,1516399200,0.0,0.0
216,2018-01-20 08:00:00,1516402800,0.0,0.0
217,2018-01-20 09:00:00,1516406400,0.0,0.0
218,2018-01-20 10:00:00,1516410000,0.0,0.0
219,2018-01-20 11:00:00,1516413600,0.0,0.0
220,2018-01-20 12:00:00,1516417200,0.0,0.0
221,2018-01-20 13:00:00,1516420800,0.0,0.0
222,2018-01-20 14:00:00,1516424400,0.0,0.0
223,2018-01-20 15:00:00,1516428000,0.0,0.0
224,2018-01-20 16:00:00,1516431600,0.0,0.0
225,2018-01-20 17:00:00,1516435200,0.0,0.0
226,2018-01-20 18:00:00,1516438800,0.0,0.0
227,2018-01-20 19:00:00,1516442400,0.0,0.0
228,2018-01-20 20:00:00,1516446000,0.0,0.0
229,2018-01-20 21:00:00,1516449600,0.0,0.0
230,2018-01-20 22:00:00,1516453200,0.0,0.0
231,2018-01-20 23:00:00,1516456800,0.0,0.0
232,2018-01-21 00:00:00,1516460400,0.0,0.0
233,2018-01-21 01:00:00,1516464000,0.0,0.0
234,2018-01-21 02:00:00,1516467600,0.0,0.0
235,2018-01-21 03:00:00,1516471200,0.0,0.0
236,2018-01-21 04:00:00,1516474800,0.0,0.0
237,2018-01-21 05:00:00,1516478400,0.0,0.0
238,2018-01-21 06:00:00,1516482000,0.0,0.0
239,2018-01-21 07:00:00,1516485600,0.0,0.0
240,2018-01-21 08:00:00,1516489200,0.0,0.0
241,2018-01-21 09:00:00,1516492800,0.0,0.0
242,2018-01-21 10:00:00,1516496400,0.0,0.0
243,2018-01-21 11:00:00,1516500000,0.0,0.0
244,2018-01-21 12:00:00,1516503600,0.0,0.0
245,2018-01-21 13:00:00,1516507200,0.0,0.0
246,2018-01-21 14:00:00,1516510800,0.0,0.0
247,2018-01-21 15:00:00,1516514400,0.0,0.0
248,2018-01-21 16:00:00,1516518000,0.0,0.0
249,2018-01-21 17:00:00,1516521600,0.0,0.0
250,2018-01-21 18:00:00,1516525200,0.0,0.0
251,2018-01-21 19:00:00,1516528800,0.0,0.0
252,2018-01-21 20:00:00,1516532400,0.0,0.0
253,2018-01-21 21:00:00,1516536000,0.0,0.0
254,2018-01-21 22:00:00,1516539600,0.0,0.0
255,2018-01-21 23:00:00,1516543200,0.0,0.0
256,2018-01-22 00:00:00,1516546800,0.0,0.0
257,2018-01-22 01:00:00,1516550400,0.0,0.0
258,2018-01-22 02:00:00,1516554000,0.0,0.0
259,2018-01-22 03:00:00,1516557600,0.0,0.0
260,2018-01-22 04:00:00,1516561200,0.0,0.0
261,2018-01-22 05:00:00,1516564800,0.0,0.0
262,2018-01-22 06:00:00,1516568400,0.0,0.0
263,2018-01-22 07:00:00,1516572000,0.0,0.0
264,2018-01-22 08:00:00,1516575600,0.0,0.0
265,2018-01-22 09:00:00,1516579200,0.0,0.0
266,2018-01-22 10:00:00,1516582800,0.0,0.0
267,2018-01-22 11:00:00,1516586400,0.0,0.0
268,2018-01-22 12:00:00,1516590000,0.0,0.0
269,2018-01-22 13:00:00,1516593600,0.0,0.0
270,2018-01-22 14:00:00,1516597200,0.0,0.0
271,2018-01-22 15:00:00,1516600800,0.0,0.0
272,2018-01-22 16:00:00,1516604400,0.0,0.0
273,2018-01-22 17:00:00,1516608000,0.0,0.0
274,2018-01-22 18:00:00,1516611600,0.0,0.0
275,2018-01-22 19:00:00,1516615200,0.0,0.0
276,2018-01-22 20:00:00,1516618800,0.0,0.0
277,2018-01-22 21:00:00,1516622400,0.0,0.0
278,2018-01-22 22:00:00,1516626000,0.0,0.0
279,2018-01-22 23:00:00,1516629600,0.0,0.0
280,2018-01-23 00:00:00,1516633200,0.0,0.0
281,2018-01-23 01:00:00,1516636800,0.0,0.0
282,2018-01-23 02:00:00,1516640400,0.0,0.0
283,2018-01-23 03:00:00,1516644000,0.0,0.0
284,2018-01-23 04:00:00,1516647600,0.0,0.0
285,2018-01-23 05:00:00,1516651200,0.0,0.0
286,2018-01-23 06:00:00,1516654800,0.0,0.0
287,2018-01-23 07:00:00,1516658400,0.0,0.0
288,2018-01-23 08:00:00,1516662000,0.0,0.0
289,2018-01-23 09:00:00,1516665600,0.0,0.0
290,2018-01-23 10:00:00,1516669200,0.0,0.0
291,2018-01-23 11:00:00,1516672800,0.0,0.0
292,2018-01-23 12:00:00,1516676400,0.0,0.0
293,2018-01-23 13:00:00,1516680000,0.0,0.0
294,2018-01-23 14:00:00,1516683600,0.0,0.0
295,2018-01-23 15:00:00,1516687200,0.0,0.0
296,2018-01-23 16:00:00,1516690800,0.0,0.0
297,2018-01-23 17:00:00,1516694400,0.0,0.0
298,2018-01-23 18:00:00,1516698000,0.0,0.0
299,2018-01-23 19:00:00,1516701600,0.0,0.0
300,2018-01-23 20:00:00,1516705200,0.0,0.0
301,2018-01-23 21:00:00,1516708800,0.0,0.0
302,2018-01-23 22:00:00,1516712400,0.0,0.0
303,2018-01-23 23:00:00,1516716000,0.0,0.0
304,2018-01-24 00:00:00,1516719600,0.0,0.0
305,2018-01-24 01:00:00,1516723200,0.0,0.0
306,2018-01-24 02:00:00,1516726800,0.0,0.0
307,2018-01-24 03:00:00,1516730400,0.0,0.0
308,2018-01-24 04:00:00,1516734000,0.0,0.0
309,2018-01-24 05:00:00,1516737600,0.0,0.0
310,2018-01-24 06:00:00,1516741200,0.0,0.0
311,2018-01-24 07:00:00,1516744800,0.0,0.0
312,2018-01-24 08:00:00,1516748400,0.0,0.0
313,2018-01-24 09:00:00,1516752000,0.0,0.0
314,2018-01-24 10:00:00,1516755600,0.0,0.0
315,2018-01-24 11:00:00,1516759200,0.0,0.0
316,2018-01-24 12:00:00,1516762800,0.0,0.0
317,2018-01-24 13:00:00,1516766400,0.0,0.0
318,2018-01-24 14:00:00,1516770000,0.0,0.0
319,2018-01-24 15:00:00,1516773600,0.0,0.0
320,2018-01-24 16:00:00,1516777200,0.0,0.0
321,2018-01-24 17:00:00,1516780800,0.0,0.0
322,2018-01-24 18:00:00,1516784400,0.0,0.0
323,2018-01-24 19:00:00,1516788000,0.0,0.0
324,2018-01-24 20:00:00,1516791600,0.0,0.0
325,2018-01-24 21:00:00,1516795200,0.0,0.0
326,2018-01-24 22:00:00,1516798800,0.0,0.0
327,2018-01-24 23:00:00,1516802400,0.0,0.0
328,2018-01-25 00:00:00,1516806000,0.0,0.0
329,2018-01-25 01:00:00,1516809600,0.0,0.0
330,2018-01-25 02:00:00,1516813200,0.0,0.0
331,2018-01-25 03:00:00,1516816800,0.0,0.0
332,2018-01-25 04:00:00,1516820400,0.0,0.0
333,2018-01-25 05:00:00,1516824000,0.0,0.0
334,2018-01-25 06:00:00,1516827600,0.0,0.0
335,2018-01-25 07:00:00,1516831200,0.0,0.0
336,2018-01-25 08:00:00,1516834800,0.0,0.0
337,2018-01-25 09:00:00,1516838400,0.0,0.0
338,2018-01-25 10:00:00,1516842000,0.0,0.0
339,2018-01-25 11:00:00,1516845600,0.0,0.0
340,2018-01-25 12:00:00,1516849200,0.0,0.0
341,2018-01-25 13:00:00,1516852800,0.0,0.0
342,2018-01-25 14:00:00,1516856400,0.0,0.0
343,2018-01-25 15:00:00,1516860000,0.0,0.0
344,2018-01-25 16:00:00,1516863600,0.0,0.0
345,2018-01-25 17:00:00,1516867200,0.0,0.0
346,2018-01-25 18:00:00,1516870800,0.0,0.0
347,2018-01-25 19:00:00,1516874400,0.0,0.0
348,2018-01-25 20:00:00,1516878000,0.0,0.0
349,2018-01-25 21:00:00,1516881600,0.0,0.0
350,2018-01-25 22:00:00,1516885200,0.0,0.0
351,2018-01-25 23:00:00,1516888800,0.0,0.0
352,2018-01-26 00:00:00,1516892400,0.0,0.0
353,2018-01-26 01:00:00,1516896000,0.0,0.0
354,2018-01-26 02:00:00,1516899600,0.0,0.0
355,2018-01-26 03:00:00,1516903200,0.0,0.0
356,2018-01-26 04:00:00,1516906800,0.0,0.0
357,2018-01-26 05:00:00,1516910400,0.0,0.0
358,2018-01-26 06:00:00,1516914000,0.0,0.0
359,2018-01-26 07:00:00,1516917600,0.0,0.0
360,2018-01-26 08:00:00,1516921200,0.0,0.0
361,2018-01-26 09:00:00,1516924800,0.0,0.0
362,2018-01-26 10:00:00,1516928400,0.0,0.0
363,2018-01-26 11:00:00,1516932000,0.0,0.0
364,2018-01-26 12:00:00,1516935600,0.0,0.0
365,2018-01-26 13:00:00,1516939200,0.0,0.0
366,2018-01-26 14:00:00,1516942800,0.0,0.0
367,2018-01-26 15:00:00,1516946400,0.0,0.0
368,2018-01-26 16:00:00,1516950000,0.0,0.0
369,2018-01-26 17:00:00,1516953600,0.0,0.0
370,2018-01-26 18:00:00,1516957200,0.0,0.0
371,2018-01-26 19:00:00,1516960800,0.0,0.0
372,2018-01-26 20:00:00,1516964400,0.0,0.0
373,2018-01-26 21:00:00,1516968000,0.0,0.0
374,2018-01-26 22:00:00,1516971600,0.0,0.0
375,2018-01-26 23:00:00,1516975200,0.0,0.0
376,2018-01-27 00:00:00,1516978800,0.0,0.0
377,2018-01-27 01:00:00,1516982400,0.0,0.0
378,2018-01-27 02:00:00,1516986000,0.0,0.0
379,2018-01-27 03:00:00,1516989600,0.0,0.0
380,2018-01-27 04:00:00,1516993200,0.0,0.0
381,2018-01-27 05:00:00,1516996800,0.0,0.0
382,2018-01-27 06:00:00,1517000400,0.0,0.0
383,2018-01-27 07:00:00,1517004000,0.0,0.0
384,2018-01-27 08:00:00,1517007600,0.0,0.0
385,2018-01-27 09:00:00,1517011200,0.0,0.0
386,2018-01-27 10:00:00,1517014800,0.0,0.0
387,2018-01-27 11:00:00,1517018400,0.0,0.0
388,2018-01-27 12:00:00,1517022000,0.0,0.0
389,2018-01-27 13:00:00,1517025600,0.0,0.0
390,2018-01-27 14:00:00,1517029200,0.0,0.0
391,2018-01-27 15:00:00,1517032800,0.0,0.0
392,2018-01-27 16:00:00,1517036400,0.0,0.0
393,2018-01-27 17:00:00,1517040000,0.0,0.0
394,2018-01-27 18:00:00,1517043600,0.0,0.0
395,2018-01-27 19:00:00,1517047200,0.0,0.0
396,2018-01-27 20:00:00,1517050800,0.0,0.0
397,2018-01-27 21:00:00,1517054400,0.0,0.0
398,2018-01-27 22:00:00,1517058000,0.0,0.0
399,2018-01-27 23:00:00,1517061600,0.0,0.0
400,2018-01-28 00:00:00,1517065200,0.0,0.0
401,2018-01-28 01:00:00,1517068800,0.0,0.0
402,2018-01-28 02:00:00,1517072400,0.0,0.0
403,2018-01-28 03:00:00,1517076000,0.0,0.0
404,2018-01-28 04:00:00,1517079600,0.0,0.0
405,2018-01-28 05:00:00,1517083200,0.0,0.0
406,2018-01-28 06:00:00,1517086800,0.0,0.0
407,2018-01-28 07:00:00,1517090400,0.0,0.0
408,2018-01-28 08:00:00,1517094000,0.0,0.0
409,2018-01-28 09:00:00,1517097600,0.0,0.0
410,2018-01-28 10:00:00,1517101200,0.0,0.0
411,2018-01-28 11:00:00,1517104800,0.0,0.0
412,2018-01-28 12:00:00,1517108400,0.0,0.0
413,2018-01-28 13:00:00,1517112000,0.0,0.0
414,2018-01-28 14:00:00,1517115600,0.0,0.0
415,2018-01-28 15:00:00,1517119200,0.0,0.0
416,2018-01-28 16:00:00,1517122800,0.0,0.0
417,2018-01-28 17:00:00,1517126400,0.0,0.0
418,2018-01-28 18:00:00,1517130000,0.0,0.0
419,2018-01-28 19:00:00,1517133600,0.0,0.0
420,2018-01-28 20:00:00,1517137200,0.0,0.0
421,2018-01-28 21:00:00,1517140800,0.0,0.0
422,2018-01-28 22:00:00,1517144400,0.0,0.0
423,2018-01-28 23:00:00,1517148000,0.0,0.0
424,2018-01-29 00:00:00,1517151600,0.0,0.0
425,2018-01-29 01:00:00,1517155200,0.0,0.0
426,2018-01-29 02:00:00,1517158800,0.0,0.0
427,2018-01-29 03:00:00,1517162400,0.0,0.0
428,2018-01-29 04:00:00,1517166000,0.0,0.0
429,2018-01-29 05:00:00,1517169600,0.0,0.0
430,2018-01-29 06:00:00,1517173200,0.0,0.0
431,2018-01-29 07:00:00,1517176800,0.0,0.0
432,2018-01-29 08:00:00,1517180400,0.0,0.0
433,2018-01-29 09:00:00,1517184000,0.0,0.0
434,2018-01-29 10:00:00,1517187600,0.0,0.0
435,2018-01-29 11:00:00,1517191200,0.0,0.0
436,2018-01-29 12:00:00,1517194800,0.0,0.0
437,2018-01-29 13:00:00,1517198400,0.0,0.0
438,2018-01-29 14:00:00,1517202000,0.0,0.0
439,2018-01-29 15:00:00,1517205600,0.0,0.0
440,2018-01-29 16:00:00,1517209200,0.0,0.0
441,2018-01-29 17:00:00,1517212800,0.0,0.0
442,2018-01-29 18:00:00,1517216400,0.0,0.0
443,2018-01-29 19:00:00,1517220000,0.0,0.0
444,2018-01-29 20:00:00,1517223600,0.0,0.0
445,2018-01-29 21:00:00,1517227200,0.0,0.0
446,2018-01-29 22:00:00,1517230800,0.0,0.0
447,2018-01-29 23:00:00,1517234400,0.0,0.0
448,2018-01-30 00:00:00,1517238000,0.0,0.0
449,2018-01-30 01:00:00,1517241600,0.0,0.0
450,2018-01-30 02:00:00,1517245200,0.0,0.0
451,2018-01-30 03:00:00,1517248800,0.0,0.0
452,2018-01-30 04:00:00,1517252400,0.0,0.0
453,2018-01-30 05:00:00,1517256000,0.0,0.0
454,2018-01-30 06:00:00,1517259600,0.0,0.0
455,2018-01-30 07:00:00,1517263200,0.0,0.0
456,2018-01-30 08:00:00,1517266800,0.0,0.0
457,2018-01-30 09:00:00,1517270400,0.0,0.0
458,2018-01-30 10:00:00,1517274000,0.0,0.0
459,2018-01-30 11:00:00,1517277600,0.0,0.0
460,2018-01-30 12:00:00,1517281200,0.0,0.0
461,2018-01-30 13:00:00,1517284800,0.0,0.0
462,2018-01-30 14:00:00,1517288400,0.0,0.0
463,2018-01-30 15:00:00,1517292000,0.0,0.0
464,2018-01-30 16:00:00,1517295600,0.0,0.0
465,2018-01-30 17:00:00,1517299200,0.0,0.0
466,2018-01-30 18:00:00,1517302800,0.0,0.0
467,2018-01-30 19:00:00,1517306400,0.0,0.0
468,2018-01-30 20:00:00,1517310000,0.0,0.0
469,2018-01-30 21:00:00,1517313600,0.0,0.0
470,2018-01-30 22:00:00,1517317200,0.0,0.0
471,2018-01-30 23:00:00,1517320800,0.0,0.0
472,2018-01-31 00:00:00,1517324400,0.0,0.0
473,2018-01-31 01:00:00,1517328000,0.0,0.0
474,2018-01-31 02:00:00,1517331600,0.0,0.0
475,2018-01-31 03:00:00,1517335200,0.0,0.0
476,2018-01-31 04:00:00,1517338800,0.0,0.0
477,2018-01-31 05:00:00,1517342400,0.0,0.0
478,2018-01-31 06:00:00,1517346000,0.0,0.0
479,2018-01-31 07:00:00,1517349600,0.0,0.0
480,2018-01-31 08:00:00,1517353200,0.0,0.0
481,2018-01-31 09:00:00,1517356800,0.0,0.0
482,2018-01-31 10:00:00,1517360400,0.0,0.0
483,2018-01-31 11:00:00,1517364000,0.0,0.0
484,2018-01-31 12:00:00,1517367600,0.0,0.0
485,2018-01-31 13:00:00,1517371200,0.0,0.0
486,2018-01-31 14:00:00,1517374800,0.0,0.0
487,2018-01-31 15:00:00,1517378400,0.0,0.0
488,2018-01-31 16:00:00,1517382000,0.0,0.0
489,2018-01-31 17:00:00,1517385600,0.0,0.0
490,2018-01-31 18:00:00,1517389200,0.0,0.0
491,2018-01-31 19:00:00,1517392800,0.0,0.0
492,2018-01-31 20:00:00,1517396400,0.0,0.0
493,2018-01-31 21:00:00,1517400000,0.0,0.0
494,2018-01-31 22:00:00,1517403600,0.0,0.0
495,2018-01-31 23:00:00,1517407200,0.0,0.0
496,2018-02-01 00:00:00,1517410800,0.0,0.0
497,2018-02-01 01:00:00,1517414400,0.0,0.0
498,2018-02-01 02:00:00,1517418000,0.0,0.0
499,2018-02-01 03:00:00,1517421600,0.0,0.0
500,2018-02-01 04:00:00,1517425200,0.0,0.0
501,2018-02-01 05:00:00,1517428800,0.0,0.0
502,2018-02-01 06:00:00,1517432400,0.0,0.0
503,2018-02-01 07:00:00,1517436000,0.0,0.0
504,2018-02-01 08:00:00,1517439600,0.0,0.0
505,2018-02-01 09:00:00,1517443200,0.0,0.0
506,2018-02-01 10:00:00,1517446800,0.0,0.0
507,2018-02-01 11:00:00,1517450400,0.0,0.0
508,2018-02-01 12:00:00,1517454000,0.0,0.0
509,2018-02-01 13:00:00,1517457600,0.0,0.0
510,2018-02-01 14:00:00,1517461200,0.0,0.0
511,2018-02-01 15:00:00,1517464800,0.0,0.0
512,2018-02-01 16:00:00,1517468400,0.0,0.0
513,2018-02-01 17:00:00,1517472000,0.0,0.0
514,2018-02-01 18:00:00,1517475600,0.0,0.0
515,2018-02-01 19:00:00,1517479200,0.0,0.0
516,2018-02-01 20:00:00,1517482800,0.0,0.0
517,2018-02-01 21:00:00,1517486400,0.0,0.0
518,2018-02-01 22:00:00,1517490000,0.0,0.0
519,2018-02-01 23:00:00,1517493600,0.0,0.0
520,2018-02-02 00:00:00,1517497200,0.0,0.0
521,2018-02-02 01:00:00,1517500800,0.0,0.0
522,2018-02-02 02:00:00,1517504400,0.0,0.0
523,2018-02-02 03:00:00,1517508000,0.0,0.0
524,2018-02-02 04:00:00,1517511600,0.0,0.0
525,2018-02-02 05:00:00,1517515200,0.0,0.0
526,2018-02-02 06:00:00,1517518800,0.0,0.0
527,2018-02-02 07:00:00,1517522400,0.0,0.0
528,2018-02-02 08:00:00,1517526000,0.0,0.0
529,2018-02-02 09:00:00,1517529600,0.0,0.0
530,2018-02-02 10:00:00,1517533200,0.0,0.0
531,2018-02-02 11:00:00,1517536800,0.0,0.0
532,2018-02-02 12:00:00,1517540400,0.0,0.0
533,2018-02-02 13:00:00,1517544000,0.0,0.0
534,2018-02-02 14:00:00,1517547600,0.0,0.0
535,2018-02-02 15:00:00,1517551200,0.0,0.0
536,2018-02-02 16:00:00,1517554800,0.0,0.0
537,2018-02-02 17:00:00,1517558400,0.0,0.0
538,2018-02-02 18:00:00,1517562000,0.0,0.0
539,2018-02-02 19:00:00,1517565600,0.0,0.0
540,2018-02-02 20:00:00,1517569200,0.0,0.0
541,2018-02-02 21:00:00,1517572800,0.0,0.0
542,2018-02-02 22:00:00,1517576400,0.0,0.0
543,2018-02-02 23:00:00,1517580000,0.0,0.0
544,2018-02-03 00:00:00,1517583600,0.0,0.0
545,2018-02-03 01:00:00,1517587200,0.0,0.0
546,2018-02-03 02:00:00,1517590800,0.0,0.0
547,2018-02-03 03:00:00,1517594400,0.0,0.0
548,2018-02-03 04:00:00,1517598000,0.0,0.0
549,2018-02-03 05:00:00,1517601600,0.0,0.0
550,2018-02-03 06:00:00,1517605200,0.0,0.0
551,2018-02-03 07:00:00,1517608800,0.0,0.0
552,2018-02-03 08:00:00,1517612400,0.0,0.0
553,2018-02-03 09:00:00,1517616000,0.0,0.0
554,2018-02-03 10:00:00,1517619600,0.0,0.0
555,2018-02-03 11:00:00,1517623200,0.0,0.0
556,2018-02-03 12:00:00,1517626800,0.0,0.0
557,2018-02-03 13:00:00,1517630400,0.0,0.0
558,2018-02-03 14:00:00,1517634000,0.0,0.0
559,2018-02-03 15:00:00,1517637600,0.0,0.0
560,2018-02-03 16:00:00,1517641200,0.0,0.0
561,2018-02-03 17:00:00,1517644800,0.0,0.0
562,2018-02-03 18:00:00,1517648400,0.0,0.0
563,2018-02-03 19:00:00,1517652000,0.0,0.0
564,2018-02-03 20:00:00,1517655600,0.0,0.0
565,2018-02-03 21:00:00,1517659200,0.0,0.0
566,2018-02-03 22:00:00,1517662800,0.0,0.0
567,2018-02-03 23:00:00,1517666400,0.0,0.0
568,2018-02-04 00:00:00,1517670000,0.0,0.0
569,2018-02-04 01:00:00,1517673600,0.0,0.0
570,2018-02-04 02:00:00,1517677200,0.0,0.0
571,2018-02-04 03:00:00,1517680800,0.0,0.0
572,2018-02-04 04:00:00,1517684400,0.0,0.0
573,2018-02-04 05:00:00,1517688000,0.0,0.0
574,2018-02-04 06:00:00,1517691600,0.0,0.0
575,2018-02-04 07:00:00,1517695200,0.0,0.0
576,2018-02-04 08:00:00,1517698800,0.0,0.0
577,2018-02-04 09:00:00,1517702400,0.0,0.0
578,2018-02-04 10:00:00,1517706000,0.0,0.0
579,2018-02-04 11:00:00,1517709600,0.0,0.0
580,2018-02-04 12:00:00,1517713200,0.0,0.0
581,2018-02-04 13:00:00,1517716800,0.0,0.0
582,2018-02-04 14:00:00,1517720400,0.0,0.0
583,2018-02-04 15:00:00,1517724000,0.0,0.0
584,2018-02-04 16:00:00,1517727600,0.0,0.0
585,2018-02-04 17:00:00,1517731200,0.0,0.0
586,2018-02-04 18:00:00,1517734800,0.0,0.0
587,2018-02-04 19:00:00,1517738400,0.0,0.0
588,2018-02-04 20:00:00,1517742000,0.0,0.0
589,2018-02-04 21:00:00,1517745600,0.0,0.0
590,2018-02-04 22:00:00,1517749200,0.0,0.0
591,2018-02-04 23:00:00,1517752800,0.0,0.0
592,2018-02-05 00:00:00,1517756400,0.0,0.0
593,2018-02-05 01:00:00,1517760000,0.0,0.0
594,2018-02-05 02:00:00,1517763600,0.0,0.0
595,2018-02-05 03:00:00,1517767200,0.0,0.0
596,2018-02-05 04:00:00,1517770800,0.0,0.0
597,2018-02-05 05:00:00,1517774400,0.0,0.0
598,2018-02-05 06:00:00,1517778000,0.0,0.0
599,2018-02-05 07:00:00,1517781600,0.0,0.0
600,2018-02-05 08:00:00,1517785200,0.0,0.0
601,2018-02-05 09:00:00,1517788800,0.0,0.0
602,2018-02-05 10:00:00,1517792400,0.0,0.0
603,2018-02-05 11:00:00,1517796000,0.0,0.0
604,2018-02-05 12:00:00,1517799600,0.0,0.0
605,2018-02-05 13:00:00,1517803200,0.0,0.0
606,2018-02-05 14:00:00,1517806800,0.0,0.0
607,2018-02-05 15:00:00,1517810400,0.0,0.0
608,2018-02-05 16:00:00,1517814000,0.0,0.0
609,2018-02-05 17:00:00,1517817600,0.0,0.0
610,2018-02-05 18:00:00,1517821200,0.0,0.0
611,2018-02-05 19:00:00,1517824800,0.0,0.0
612,2018-02-05 20:00:00,1517828400,0.0,0.0
613,2018-02-05 21:00:00,1517832000,0.0,0.0
614,2018-02-05 22:00:00,1517835600,0.0,0.0
615,2018-02-05 23:00:00,1517839200,0.0,0.0
616,2018-02-06 00:00:00,1517842800,0.0,0.0
617,2018-02-06 01:00:00,1517846400,0.0,0.0
618,2018-02-06 02:00:00,1517850000,0.0,0.0
619,2018-02-06 03:00:00,1517853600,0.0,0.0
620,2018-02-06 04:00:00,1517857200,0.0,0.0
621,2018-02-06 05:00:00,1517860800,0.0,0.0
622,2018-02-06 06:00:00,1517864400,0.0,0.0
623,2018-02-06 07:00:00,1517868000,0.0,0.0
624,2018-02-06 08:00:00,1517871600,0.0,0.0
625,2018-02-06 09:00:00,1517875200,0.0,0.0
626,2018-02-06 10:00:00,1517878800,0.0,0.0
627,2018-02-06 11:00:00,1517882400,0.0,0.0
628,2018-02-06 12:00:00,1517886000,0.0,0.0
629,2018-02-06 13:00:00,1517889600,0.0,0.0
630,2018-02-06 14:00:00,1517893200,0.0,0.0
631,2018-02-06 15:00:00,1517896800,0.0,0.0
632,2018-02-06 16:00:00,1517900400,0.0,0.0
633,2018-02-06 17:00:00,1517904000,0.0,0.0
634,2018-02-06 18:00:00,1517907600,0.0,0.0
635,2018-02-06 19:00:00,1517911200,0.0,0.0
636,2018-02-06 20:00:00,1517914800,0.0,0.0
637,2018-02-06 21:00:00,1517918400,0.0,0.0
638,2018-02-06 22:00:00,1517922000,0.0,0.0
639,2018-02-06 23:00:00,1517925600,0.0,0.0
640,2018-02-07 00:00:00,1517929200,0.0,0.0
641,2018-02-07 01:00:00,1517932800,0.0,0.0
642,2018-02-07 02:00:00,1517936400,0.0,0.0
643,2018-02-07 03:00:00,1517940000,0.0,0.0
644,2018-02-07 04:00:00,1517943600,0.0,0.0
645,2018-02-07 05:00:00,1517947200,0.0,0.0
646,2018-02-07 06:00:00,1517950800,0.0,0.0
647,2018-02-07 07:00:00,1517954400,0.0,0.0
648,2018-02-07 08:00:00,1517958000,0.0,0.0
649,2018-02-07 09:00:00,1517961600,0.0,0.0
650,2018-02-07 10:00:00,1517965200,0.0,0.0
651,2018-02-07 11:00:00,1517968800,0.0,0.0
652,2018-02-07 12:00:00,1517972400,0.0,0.0
653,2018-02-07 13:00:00,1517976000,0.0,0.0
654,2018-02-07 14:00:00,1517979600,0.0,0.0
655,2018-02-07 15:00:00,1517983200,0.0,0.0
656,2018-02-07 16:00:00,1517986800,0.0,0.0
657,2018-02-07 17:00:00,1517990400,0.0,0.0
658,2018-02-07 18:00:00,1517994000,0.0,0.0
659,2018-02-07 19:00:00,1517997600,0.0,0.0
660,2018-02-07 20:00:00,1518001200,0.0,0.0
661,2018-02-07 21:00:00,1518004800,0.0,0.0
662,2018-02-07 22:00:00,1518008400,0.0,0.0
663,2018-02-07 23:00:00,1518012000,0.0,0.0
664,2018-02-08 00:00:00,1518015600,0.0,0.0
665,2018-02-08 01:00:00,1518019200,0.0,0.0
666,2018-02-08 02:00:00,1518022800,0.0,0.0
667,2018-02-08 03:00:00,1518026400,0.0,0.0
668,2018-02-08 04:00:00,1518030000,0.0,0.0
669,2018-02-08 05:00:00,1518033600,0.0,0.0
670,2018-02-08 06:00:00,1518037200,0.0,0.0
671,2018-02-08 07:00:00,1518040800,0.0,0.0
672,2018-02-08 08:00:00,1518044400,0.0,0.0
673,2018-02-08 09:00:00,1518048000,0.0,0.0
674,2018-02-08 10:00:00,1518051600,0.0,0.0
675,2018-02-08 11:00:00,1518055200,0.0,0.0
676,2018-02-08 12:00:00,1518058800,0.0,0.0
677,2018-02-08 13:00:00,1518062400,0.0,0.0
678,2018-02-08 14:00:00,1518066000,0.0,0.0
679,2018-02-08 15:00:00,1518069600,0.0,0.0
680,2018-02-08 16:00:00,1518073200,0.0,0.0
681,2018-02-08 17:00:00,1518076800,0.0,0.0
682,2018-02-08 18:00:00,1518080400,0.0,0.0
683,2018-02-08 19:00:00,1518084000,0.0,0.0
684,2018-02-08 20:00:00,1518087600,0.0,0.0
685,2018-02-08 21:00:00,1518091200,0.0,0.0
686,2018-02-08 22:00:00,1518094800,0.0,0.0
687,2018-02-08 23:00:00,1518098400,0.0,0.0
688,2018-02-09 00:00:00,1518102000,0.0,0.0
689,2018-02-09 01:00:00,1518105600,0.0,0.0
690,2018-02-09 02:00:00,1518109200,0.0,0.0
691,2018-02-09 03:00:00,1518112800,0.0,0.0
692,2018-02-09 04:00:00,1518116400,0.0,0.0
693,2018-02-09 05:00:00,1518120000,0.0,0.0
694,2018-02-09 06:00:00,1518123600,0.0,0.0
695,2018-02-09 07:00:00,1518127200,0.0,0.0
696,2018-02-09 08:00:00,1518130800,0.0,0.0
697,2018-02-09 09:00:00,1518134400,0.0,0.0
698,2018-02-09 10:00:00,1518138000,0.0,0.0
699,2018-02-09 11:00:00,1518141600,0.0,0.0
700,2018-02-09 12:00:00,1518145200,0.0,0.0
701,2018-02-09 13:00:00,1518148800,0.0,0.0
702,2018-02-09 14:00:00,1518152400,0.0,0.0
703,2018-02-09 15:00:00,1518156000,0.0,0.0
704,2018-02-09 16:00:00,1518159600,0.0,0.0
705,2018-02-09 17:00:00,1518163200,0.0,0.0
706,2018-02-09 18:00:00,1518166800,0.0,0.0
707,2018-02-09 19:00:00,1518170400,0.0,0.0
708,2018-02-09 20:00:00,1518174000,0.0,0.0
709,2018-02-09 21:00:00,1518177600,0.0,0.0
710,2018-02-09 22:00:00,1518181200,0.0,0.0
711,2018-02-09 23:00:00,1518184800,0.0,0.0
712,2018-02-10 00:00:00,1518188400,0.0,0.0
713,2018-02-10 01:00:00,1518192000,0.0,0.0
714,2018-02-10 02:00:00,1518195600,0.0,0.0
715,2018-02-10 03:00:00,1518199200,0.0,0.0
716,2018-02-10 04:00:00,1518202800,0.0,0.0
717,2018-02-10 05:00:00,1518206400,0.0,0.0
718,2018-02-10 06:00:00,1518210000,0.0,0.0
719,2018-02-10 07:00:00,1518213600,0.0,0.0
720,2018-02-10 08:00:00,1518217200,0.0,0.0
721,2018-02-10 09:00:00,1518220800,0.0,0.0
722,2018-02-10 10:00:00,1518224400,0.0,0.0
723,2018-02-10 11:00:00,1518228000,0.0,0.0
724,2018-02-10 12:00:00,1518231600,0.0,0.0
725,2018-02-10 13:00:00,1518235200,0.0,0.0
726,2018-02-10 14:00:00,1518238800,0.0,0.0
727,2018-02-10 15:00:00,1518242400,0.0,0.0
728,2018-02-10 16:00:00,1518246000,0.0,0.0
729,2018-02-10 17:00:00,1518249600,0.0,0.0
730,2018-02-10 18:00:00,1518253200,0.0,0.0
731,2018-02-10 19:00:00,1518256800,0.0,0.0
732,2018-02-10 20:00:00,1518260400,0.0,0.0
733,2018-02-10 21:00:00,1518264000,0.0,0.0
734,2018-02-10 22:00:00,1518267600,0.0,0.0
735,2018-02-10 23:00:00,1518271200,0.0,0.0
736,2018-02-11 00:00:00,1518274800,0.0,0.0
737,2018-02-11 01:00:00,1518278400,0.0,0.0
738,2018-02-11 02:00:00,1518282000,0.0,0.0
739,2018-02-11 03:00:00,1518285600,0.0,0.0
740,2018-02-11 04:00:00,1518289200,0.0,0.0
741,2018-02-11 05:00:00,1518292800,0.0,0.0
742,2018-02-11 06:00:00,1518296400,0.0,0.0
743,2018-02-11 07:00:00,1518300000,0.0,0.0
744,2018-02-11 08:00:00,1518303600,0.0,0.0
745,2018-02-11 09:00:00,1518307200,0.0,0.0
746,2018-02-11 10:00:00,1518310800,0.0,0.0
747,2018-02-11 11:00:00,1518314400,0.0,0.0
748,2018-02-11 12:00:00,1518318000,0.0,0.0
749,2018-02-11 13:00:00,1518321600,0.0,0.0
750,2018-02-11 14:00:00,1518325200,0.0,0.0
751,2018-02-11 15:00:00,1518328800,0.0,0.0
752,2018-02-11 16:00:00,1518332400,0.0,0.0
753,2018-02-11 17:00:00,1518336000,0.0,0.0
754,2018-02-11 18:00:00,1518339600,0.0,0.0
755,2018-02-11 19:00:00,1518343200,0.0,0.0
756,2018-02-11 20:00:00,1518346800,0.0,0.0
757,2018-02-11 21:00:00,1518350400,0.0,0.0
758,2018-02-11 22:00:00,1518354000,0.0,0.0
759,2018-02-11 23:00:00,1518357600,0.0,0.0
760,2018-02-12 00:00:00,1518361200,0.0,0.0
761,2018-02-12 01:00:00,1518364800,0.0,0.0
762,2018-02-12 02:00:00,1518368400,0.0,0.0
763,2018-02-12 03:00:00,1518372000,0.0,0.0
764,2018-02-12 04:00:00,1518375600,0.0,0.0
765,2018-02-12 05:00:00,1518379200,0.0,0.0
766,2018-02-12 06:00:00,1518382800,0.0,0.0
767,2018-02-12 07:00:00,1518386400,0.0,0.0
768,2018-02-12 08:00:00,1518390000,0.0,0.0
769,2018-02-12 09:00:00,1518393600,0.0,0.0
770,2018-02-12 10:00:00,1518397200,0.0,0.0
771,2018-02-12 11:00:00,1518400800,0.0,0.0
772,2018-02-12 12:00:00,1518404400,0.0,0.0
773,2018-02-12 13:00:00,1518408000,0.0,0.0
774,2018-02-12 14:00:00,1518411600,0.0,0.0
775,2018-02-12 15:00:00,1518415200,0.0,0.0
776,2018-02-12 16:00:00,1518418800,278.787456,0.421
777,2018-02-12 17:00:00,1518422400,286.158907488,13.3
778,2018-02-12 18:00:00,1518426000,286.27172587200005,7.1
779,2018-02-12 19:00:00,1518429600,286.33625856000003,19.43
780,2018-02-12 20:00:00,1518433200,281.870889664,18.54
781,2018-02-12 21:00:00,1518436800,285.54705236000007,8.08
782,2018-02-12 22:00:00,1518440400,281.08224714399995,16.45
783,2018-02-12 23:00:00,1518444000,279.69970053599997,22.81
784,2018-02-13 00:00:00,1518447600,278.8821976,13.66
785,2018-02-13 01:00:00,1518451200,277.126821116,12.37
786,2018-02-13 02:00:00,1518454800,281.52238800000003,6.3
787,2018-02-13 03:00:00,1518458400,278.73160832,3.56
788,2018-02-13 04:00:00,1518462000,283.505930224,1.92
789,2018-02-13 05:00:00,1518465600,283.45732799999996,0.8546
790,2018-02-13 06:00:00,1518469200,279.830021184,1.22
791,2018-02-13 07:00:00,1518472800,281.87132760000003,0.432
792,2018-02-13 08:00:00,1518476400,280.616534728,6.8
793,2018-02-13 09:00:00,1518480000,279.1895592960001,11.45
794,2018-02-13 10:00:00,1518483600,273.05122068000003,6.06
795,2018-02-13 11:00:00,1518487200,275.77502,15.17
796,2018-02-13 12:00:00,1518490800,271.85363916,20.11
797,2018-02-13 13:00:00,1518494400,270.99418976,13.12
798,2018-02-13 14:00:00,1518498000,269.24530752,13.25
799,2018-02-13 15:00:00,1518501600,270.995984864,12.89
800,2018-02-13 16:00:00,1518505200,269.996619248,3.19
